queries,Clicks,Impressions,CTR,Position
office 365 versions,80,2312,3.46%,4.64
16.0.19127.20314,43,523,8.22%,3.56
16.0.19029.20244,40,685,5.84%,4.04
office 365 latest version,32,1944,1.65%,4.5
16.0.18526.20604,30,438,6.85%,3.4
office 365 version history,19,1481,1.28%,5.13
office 365 version,19,1172,1.62%,5.41
16.0.18925.20216,17,558,3.05%,6.08
16.0.19127.20264,17,293,5.8%,4.12
16.0.19231.20216,17,257,6.61%,3.96
office versions,15,1292,1.16%,11.68
16.0.18526.20546,14,312,4.49%,4.88
16.0.18730.20220,13,89,14.61%,3.24
o365 version history,12,440,2.73%,3.12
office 16.0.19029.20244,12,127,9.45%,4.02
16.0.17928.20392,11,73,15.07%,2.78
16.0.18526.20660,11,55,20%,3.96
16.0.18526.20472,10,179,5.59%,3.39
office 16.0.19127.20314,10,94,10.64%,4.13
16.0.18827.20150,10,59,16.95%,4.05
latest office 365 version,9,861,1.05%,4.49
office 365 build numbers,8,500,1.6%,3.6
16.0.17928.20538,8,70,11.43%,2.86
microsoft office 365 latest version,7,470,1.49%,7.83
microsoft office 365 versions,7,403,1.74%,6.6
ms office 365 versions,7,104,6.73%,5.33
office 16.0.19127.20264,7,55,12.73%,4.64
microsoft 365 latest version,6,1209,0.5%,8.29
office build numbers,6,338,1.78%,5.23
16.0.18827.20202,6,231,2.6%,5.98
16.0.18526.20634,6,157,3.82%,6.31
office channel versions,6,148,4.05%,8.67
microsoft 365 versions,5,923,0.54%,9.68
latest version of office 365,5,648,0.77%,5.2
office 365 current version,5,321,1.56%,3.92
versiones de office 365,5,278,1.8%,8.94
m365 versions,5,250,2%,4.46
o365 versions,5,183,2.73%,4.49
office build versions,5,138,3.62%,3.54
office 16.0.18925.20216,5,117,4.27%,5.15
office 365 channel versions,5,97,5.15%,4.43
16.0.18623.20266,5,75,6.67%,3
16.0.18925.20158,5,60,8.33%,4.03
16.0.17928.20216,5,57,8.77%,2.89
office version history,4,1676,0.24%,8.33
office 365 update history,4,1481,0.27%,4.79
office latest version,4,594,0.67%,10.59
office 365 monthly enterprise channel,4,193,2.07%,5.8
m365 latest version,4,150,2.67%,4.37
365 versions,4,128,3.12%,3.97
o365 version,4,120,3.33%,4.02
microsoft 365 apps for enterprise version history,4,118,3.39%,5.24
office 365 build versions,4,109,3.67%,3.32
16.0.17928.20700,4,86,4.65%,5.36
m365 build numbers,4,84,4.76%,4.45
office 365 versions history,4,81,4.94%,3.98
office 365 semi annual channel version history,4,80,5%,2.94
16.0.17928.20604,4,59,6.78%,3.64
16.0.18526.20168,4,46,8.7%,3.65
16.0.17928.20440,4,44,9.09%,4.07
office 365 versions list,4,31,12.9%,2.52
office version 16.0.19029.20244,4,30,13.33%,3.83
monthly enterprise channel,3,760,0.39%,6.41
office monthly enterprise channel,3,275,1.09%,5.82
office channels,3,212,1.42%,8.7
office 365 versiones,3,130,2.31%,13.88
microsoft office 365 version history,3,98,3.06%,6.74
office update versions,3,97,3.09%,3.79
office 365 version 2510,3,82,3.66%,6.56
office 365 history version,3,68,4.41%,3.57
16.0.17928.20572,3,67,4.48%,3.61
16.0.17928.20512,3,60,5%,3.02
microsoft 365 16.0,3,48,6.25%,5.48
16.0.18429.20200,3,42,7.14%,2.88
office 16.0.18827.20202,3,32,9.38%,3.69
16.0.17928.20708,3,24,12.5%,4.58
office 365 16.0 version,3,23,13.04%,3.74
16.0.17328.20612,3,22,13.64%,2.86
latest office version,2,2103,0.1%,10.39
office release notes,2,669,0.3%,5.8
excel version 2508,2,537,0.37%,7.45
outlook version history,2,391,0.51%,9.42
office 16.0,2,329,0.61%,8.71
latest microsoft 365 version,2,293,0.68%,5.66
what is the latest version of office 365,2,288,0.69%,5.29
semi-annual enterprise channel,2,272,0.74%,7.71
m365 version history,2,268,0.75%,4.18
ms office 365 latest version,2,236,0.85%,7.03
microsoft 365,2,217,0.92%,7.91
office release,2,202,0.99%,7.01
o365 latest version,2,187,1.07%,4.35
latest version of microsoft office 365,2,181,1.1%,7.36
office version 2509,2,179,1.12%,7.41
m365 version,2,162,1.23%,5.35
19127.20314,2,161,1.24%,5.12
what is the latest version of microsoft 365,2,137,1.46%,7.1
office 365 latest version number,2,111,1.8%,4.23
office 365 channels,2,111,1.8%,8.86
office 365 releases,2,99,2.02%,3.55
monthly channel,2,89,2.25%,7.45
office365 versions,2,88,2.27%,3.74
16.0.19127.20302,2,88,2.27%,6.92
outlook 365 versions,2,81,2.47%,5.63
office version 2502,2,79,2.53%,5.41
ms 365 versions,2,78,2.56%,6.28
m365 channels,2,78,2.56%,6.64
16.0.19029.20136,2,78,2.56%,6.77
office version 16.0,2,75,2.67%,8.19
office 365 version 2507,2,63,3.17%,5.52
office365 version,2,62,3.23%,5.29
office 365 release channels,2,60,3.33%,5.67
16.0.17928.20654,2,57,3.51%,5.46
latest office 365 build,2,56,3.57%,4.04
office 16.0.18526.20546,2,56,3.57%,4.77
office 365 version 2502,2,56,3.57%,5.91
latest 365 version,2,55,3.64%,4.33
16.0.19231.20194,2,50,4%,6.3
o365 monthly enterprise channel version,2,49,4.08%,4.51
office 365 version 2509,2,49,4.08%,6.57
office 365 version list,2,44,4.55%,2.43
versiones de microsoft office 365,2,42,4.76%,7.67
office 365 monthly enterprise channel download,2,28,7.14%,5.07
office version 16.0.18827.20202,2,24,8.33%,3.71
16.0.18730.20168,2,24,8.33%,6.21
office 365 16.0,2,23,8.7%,5.09
16.0.17928.20588,2,22,9.09%,3.86
office 16.0.18526.20472,2,21,9.52%,2.86
office version 16.0.19231.20216,2,18,11.11%,5
office 365 pro plus version 2506 build 18925.20138 x64 + visio + project,2,11,18.18%,15.36
16.0.17328.20550,2,9,22.22%,3.33
"""16.0.18827.20202""",2,8,25%,7.25
md 365 news 2002 free download,2,5,40%,6.4
office 16.0.17928.20538,2,4,50%,3
office update history,1,1555,0.06%,6.76
what is the latest version of excel in office 365,1,578,0.17%,8.68
office version 2508,1,404,0.25%,7.2
current excel version,1,276,0.36%,11.53
office 365 history,1,259,0.39%,7.92
latest version of microsoft 365,1,256,0.39%,7.14
office 365 changelog,1,232,0.43%,3.93
microsoft 365 version,1,221,0.45%,9.61
excel version 2510,1,218,0.46%,8.78
semi annual enterprise channel,1,189,0.53%,7.44
office 365 release,1,180,0.56%,5.14
version office 365,1,171,0.58%,9.51
microsoft 365 update history,1,161,0.62%,8.16
excel version 2509,1,161,0.62%,8.97
current channel,1,158,0.63%,9.97
current version of office 365,1,150,0.67%,5.43
outlook version 2508,1,150,0.67%,8.33
what is the latest office 365 version,1,141,0.71%,5.16
office semi annual channel,1,141,0.71%,6.82
m365 apps version history,1,131,0.76%,3.17
office 16.0 version,1,128,0.78%,9.87
office 365 latest update,1,119,0.84%,4.95
microsoft 365 apps for enterprise latest version,1,118,0.85%,6.38
office 365 build,1,113,0.88%,4.91
microsoft 365 release notes,1,111,0.9%,6.49
latest excel version number,1,110,0.91%,8
aktuelle office 365 version,1,102,0.98%,7.49
office 365 latest build,1,98,1.02%,3.57
latest o365 version,1,95,1.05%,4.22
microsoft office version,1,94,1.06%,24.81
ms 365 latest version,1,93,1.08%,5.6
office build version,1,86,1.16%,4.74
16.0.19231.20156,1,86,1.16%,6.77
18526.20604,1,85,1.18%,5.48
latest office 365,1,83,1.2%,7.58
versiones office 365,1,79,1.27%,10.47
office 365 latest,1,78,1.28%,7.69
m365 monthly enterprise channel,1,77,1.3%,6.12
version of office 365,1,73,1.37%,5.92
office 365 updates history,1,71,1.41%,3.8
version 2502 build 16.0.18526.20546,1,69,1.45%,3.91
office 365 version 2508,1,68,1.47%,5.35
microsoft 365 new version,1,68,1.47%,9.24
microsoft office 365 version,1,67,1.49%,8.55
office 365 release versions,1,65,1.54%,3.4
microsoft 365 apps versions,1,65,1.54%,4.86
monthly channel office 365,1,62,1.61%,7.47
versiones de microsoft 365,1,59,1.69%,8.56
office 365 update version,1,58,1.72%,4.79
office 365 current channel,1,57,1.75%,9.35
office 365 update channels,1,57,1.75%,10.18
m365 apps release notes,1,54,1.85%,3.33
office version 2506,1,54,1.85%,7.65
microsoft 365 monthly enterprise channel,1,54,1.85%,9.46
o365 build numbers,1,53,1.89%,3
current microsoft 365 version,1,52,1.92%,5.44
office 16.0.18526.20604,1,50,2%,4.66
microsoft 365 apps for business version history,1,50,2%,5.42
semi-annual enterprise channel (preview),1,50,2%,6.98
m365 office versions,1,48,2.08%,4.96
office 16.0.19231.20216,1,47,2.13%,5.72
18526.20634,1,47,2.13%,6.11
version 2509 (build 19231.20216),1,47,2.13%,7.57
office 365 semi annual channel release schedule,1,46,2.17%,4.98
office 365 2509,1,46,2.17%,6.13
office 365 2502,1,45,2.22%,5.53
office release versions,1,44,2.27%,4.52
16.0.19127.20240,1,44,2.27%,7
18623.20266,1,43,2.33%,3.98
outlook build numbers,1,38,2.63%,8.34
17928.20654,1,37,2.7%,7.03
16.0.19029.20208,1,36,2.78%,4.94
latest version of 365,1,35,2.86%,4.57
office 365 apps version history,1,34,2.94%,3.38
ms office 365 version,1,34,2.94%,7.79
office 365 2408,1,33,3.03%,5.67
office 365 2508,1,33,3.03%,6.18
office current channel version,1,32,3.12%,3.53
office 16.0.19231.20194,1,32,3.12%,6.06
monthly enterprise channel release notes,1,31,3.23%,3.61
16.0.17328.20452,1,31,3.23%,4.23
16.0.18730.20226,1,30,3.33%,4
16.0.18526.20286,1,30,3.33%,4.23
latest version of o365,1,30,3.33%,4.7
office 16.0.19127.20302,1,30,3.33%,5.83
office monthly enterprise channel versions,1,28,3.57%,3.07
18526.20660,1,28,3.57%,6.46
office update history page,1,24,4.17%,4
office version 16.0.18925.20216,1,24,4.17%,5.79
office 365 version 2002 download,1,23,4.35%,13.26
current version of microsoft 365,1,22,4.55%,6.68
office 365 last update,1,21,4.76%,4.24
16.0.18925.20168,1,21,4.76%,5.1
office version 365,1,19,5.26%,9.37
office 2402 end of life,1,17,5.88%,3.47
office 365 16.0.19029.20244,1,16,6.25%,4
16.0.18925.20242,1,15,6.67%,4.53
microsoft 365 office latest version,1,15,6.67%,6.73
office 16.0.19029.20208,1,15,6.67%,7.4
office 365 latest version download,1,14,7.14%,14.07
16.0.19029.20274,1,13,7.69%,3.77
office version 16.0.19231.20156,1,11,9.09%,5.82
outlook version 2506,1,10,10%,8.3
16.0.18429.20158,1,8,12.5%,3.38
office 365 16.0.18827.20202,1,8,12.5%,4.5
office version 2504,1,8,12.5%,5
office 365 2510,1,6,16.67%,7
office 16.0.19127.20192,1,5,20%,6.2
17928.20708,1,5,20%,7.2
office 16.0.18730.20220,1,4,25%,2.5
office version 16.0.19127.20264,1,4,25%,4
version 2508 (build 19127.20222),1,4,25%,9.5
16.0.18324.20240,1,3,33.33%,3
version 2502 build 16.0.18526.20416,1,2,50%,4
17928.20468,1,2,50%,7
build 18827.20202,1,2,50%,7.5
en 365,1,2,50%,19.5
office 365 updater,1,1,100%,11
m365 versionen,1,1,100%,29
office 365 updates today,0,1299,0%,9.41
office 365 release notes,0,1037,0%,4.22
office 365 updates,0,792,0%,12.11
microsoft office versions,0,550,0%,25.16
office version,0,537,0%,10.13
office 365 update today,0,484,0%,6.68
current office version,0,484,0%,7.29
#365 latest,0,416,0%,9.4
office 365 update,0,400,0%,17.82
latest microsoft office version,0,398,0%,12.28
office 365 excel updates,0,374,0%,10.15
latest version of office,0,350,0%,11.69
microsoft 365 updates,0,344,0%,22.71
office build,0,337,0%,10.16
o365 update history,0,301,0%,3.68
latest microsoft office,0,282,0%,20.89
latest version of microsoft office,0,256,0%,17.37
ms office latest version,0,250,0%,21.29
office 365 release date,0,243,0%,11.09
m365 update history,0,239,0%,3.4
what is the latest office version,0,231,0%,10.85
latest ms office version,0,230,0%,13.69
m365 release notes,0,228,0%,5.24
office 2024 update history,0,217,0%,8.47
latest version of ms office,0,216,0%,15.83
microsoft office latest version,0,214,0%,29.12
word version 2508,0,209,0%,7.22
current version of office,0,208,0%,9.16
office updates,0,207,0%,19.92
office current version,0,205,0%,6.53
microsoft 365 version history,0,204,0%,8.37
current office 365 version,0,198,0%,3.89
office 365 aktuelle version,0,194,0%,8.02
microsoft 365 (microsoft365) latest,0,192,0%,16.39
ms office versions,0,180,0%,33.49
office builds,0,155,0%,6.14
latest version of outlook 365,0,152,0%,7
microsoft office updates,0,147,0%,37.16
o365 release notes,0,146,0%,4.1
office release history,0,146,0%,5.48
office 2408,0,140,0%,7.53
office releases,0,139,0%,8.43
what is the latest version of microsoft office,0,138,0%,17.31
microsoft 365 current version,0,136,0%,6.12
semi annual channel office 365,0,133,0%,12.89
o365 updates,0,132,0%,9.72
excel version 2507,0,131,0%,6.89
semi annual channel,0,130,0%,7.8
latest 365,0,128,0%,8.09
office 365 builds,0,127,0%,3.56
office 365 release history,0,122,0%,4.26
versions of office 365,0,119,0%,6.82
office 365 semi annual channel,0,119,0%,7.08
19029.20244,0,118,0%,6.24
18526.20546,0,116,0%,6.91
office current channel,0,115,0%,10.24
18925.20216,0,112,0%,7.06
update history for microsoft 365 apps,0,111,0%,6.18
ms office updates,0,110,0%,30.9
latest version office 365,0,108,0%,4.4
office version 2408,0,107,0%,7.07
office version 2507,0,102,0%,6.25
microsoft 365 apps for business latest version,0,102,0%,7.13
office 2502,0,101,0%,7.26
latest version office,0,101,0%,10.4
latest microsoft office 365 version,0,98,0%,6.23
365 version history,0,97,0%,5.64
outlook 365 latest version,0,96,0%,5.51
excel release notes,0,95,0%,6.38
office updates history,0,95,0%,6.74
what is the latest version of office,0,95,0%,12.21
latest office build,0,93,0%,4.94
office 365 new version,0,93,0%,5.34
office 365 versionen,0,93,0%,12.1
365 update history,0,92,0%,4
what is the latest microsoft office 365 version,0,91,0%,7.44
what is the latest version of microsoft office 365,0,91,0%,7.55
semi-annual channel,0,91,0%,10
m365 updates,0,89,0%,9.58
what is the latest version of ms office,0,89,0%,13.18
365 latest version,0,88,0%,4.48
ms office current version,0,88,0%,10.93
microsoft office current version,0,88,0%,11.89
m365 apps for enterprise version history,0,87,0%,3.74
m365 update,0,85,0%,11.22
current version of microsoft office,0,84,0%,15.5
latest m365 version,0,83,0%,4.37
office version 2510,0,82,0%,8.71
office channel,0,82,0%,9
microsoft 365 apps version history,0,81,0%,5.42
excel version 2502,0,81,0%,7.46
excel 365 latest version,0,80,0%,6.29
version 2507 build 16.0.19029.20136,0,80,0%,6.71
o365 history,0,80,0%,7.58
m365 update channels,0,80,0%,9.21
office 365 current channel version,0,78,0%,3.76
what is the current version of office 365,0,78,0%,5.19
office 365 version numbers,0,76,0%,5.38
office 365 version 16.88,0,76,0%,10.12
latest microsoft office version release,0,75,0%,9.53
versions of office,0,75,0%,13.67
18526.20472,0,74,0%,6.31
ms office update history,0,74,0%,7.19
update history for microsoft 365 apps (listed by date),0,73,0%,6.11
outlook 365 version,0,73,0%,7.78
microsoft 365 update,0,73,0%,30.96
office update channels,0,72,0%,11.96
latest office 365 update,0,70,0%,6.71
office 365 implementation,0,70,0%,83.8
office 365 semi annual channel versions,0,69,0%,4.7
versions of microsoft office,0,69,0%,31.06
what is the newest version of excel,0,67,0%,34.94
office update release notes,0,65,0%,4.97
office 365 change log,0,64,0%,6.03
m365 monthly channel,0,63,0%,6.9
latest microsoft office version number,0,63,0%,8.86
current version of ms office,0,62,0%,13.9
office release channels,0,61,0%,4.39
what is the latest microsoft 365 version,0,61,0%,6.41
microsoft 365 latest update,0,61,0%,12.28
microsoft 365 apps release notes,0,60,0%,6.5
365 version,0,58,0%,5.84
office changelog,0,58,0%,5.98
microsoft office latest version number,0,58,0%,9.97
m365 apps update history,0,57,0%,4.05
microsoft office release notes,0,57,0%,6.61
ms office release notes,0,56,0%,5.38
latest office,0,56,0%,9.64
microsoft 365 release date,0,56,0%,11.95
outlook update history,0,55,0%,8.02
18827.20202,0,54,0%,8.67
what's the latest office version,0,54,0%,10.44
word version 2510,0,53,0%,8.53
versions of microsoft 365,0,53,0%,8.94
newest office version,0,53,0%,11.72
office 365 last version,0,52,0%,4.02
office update version,0,52,0%,5.77
outlook version 2502,0,52,0%,7.87
office 365 ultima version,0,52,0%,8.44
newest version of office,0,52,0%,12.54
microsoft office latest,0,52,0%,18.9
ms office version,0,52,0%,39.63
excel version,0,52,0%,48.37
microsoft 365 apps for enterprise versions,0,51,0%,6.33
word version 2408,0,51,0%,7.73
m365 current channel,0,51,0%,8.2
16.0.17928.20468,0,50,0%,2.98
16.0.18925.20184,0,50,0%,4.42
monthly enterprise,0,50,0%,6.38
latest office versions,0,50,0%,7.28
excel version 2502 year,0,50,0%,7.32
office click to run versions,0,50,0%,11.7
newest version of microsoft office,0,50,0%,27.16
latest office release,0,49,0%,7.49
microsoft 365 mso version,0,49,0%,10.02
latest version of microsoft office version number,0,49,0%,10.39
"microsoft® excel® for microsoft 365 mso (version 2507 build 
16.0.19029.20136) 64-bit",0,48,0%,7.58
latest office version number,0,47,0%,7.34
office 365 channel,0,47,0%,7.49
office version list,0,47,0%,10.66
microsoft 365 mso,0,47,0%,18.3
outlook latest version number,0,46,0%,7.67
365 updates,0,46,0%,9.26
last office version,0,46,0%,9.76
is microsoft 365 the latest version,0,46,0%,10.65
which is the latest office version,0,46,0%,11.02
office 2402,0,45,0%,6.49
m365 history,0,45,0%,7.96
office 365 monthly enterprise channel update history,0,44,0%,3.82
release notes office 365,0,44,0%,4.18
version 2508 build 16.0.19127.20192,0,44,0%,4.3
latest outlook version number,0,44,0%,8.3
"microsoft 365 apps current channel version 2508 build 19127.20264 release 
notes",0,44,0%,9.25
microsoft office 365 new version,0,44,0%,9.84
microsoft office version numbers,0,44,0%,25.45
windows office versions,0,44,0%,35.25
18730.20220,0,43,0%,6.02
office 365 excel updates today,0,43,0%,9.56
microsoft office 365 updates,0,43,0%,16.49
word version 2502,0,42,0%,6.52
m365 release date,0,42,0%,9.76
excel version 2408,0,42,0%,10.62
microsoft office version history,0,42,0%,17.9
what is the latest version of excel,0,42,0%,38.57
"microsoft® excel® for microsoft 365 mso (version 2502 build 
16.0.18526.20546) 64-bit",0,41,0%,5.9
latest excel version release,0,41,0%,8.34
latest version microsoft office,0,41,0%,17.88
office 365 build version,0,40,0%,3.42
office 365 patch notes,0,40,0%,4.75
microsoft 365 apps latest version,0,40,0%,5.3
office versions history,0,40,0%,10.28
current microsoft office version,0,40,0%,13.95
17928.20604,0,39,0%,5.69
current office versions,0,39,0%,7.03
office 2508,0,39,0%,8.77
latest microsoft 365,0,39,0%,9.03
microsoft 365 channels,0,39,0%,22.23
version 2506 build 16.0.18925.20216,0,38,0%,3.95
office 365 version latest,0,38,0%,5.18
microsoft office 365 update history,0,38,0%,8.47
microsoft office 365 build numbers,0,38,0%,8.71
excel 365 version,0,38,0%,10.68
version office,0,38,0%,10.84
latest excel version,0,38,0%,37.16
latest outlook 365 version,0,37,0%,5.24
office 365 latest updates,0,37,0%,5.57
microsoft 365 latest version release date,0,37,0%,6.03
latest version microsoft office version number,0,37,0%,10.08
latest version of m365,0,36,0%,4.42
latest version of microsoft 365 apps for enterprise,0,36,0%,6.03
office update channel release notes,0,36,0%,6.22
microsoft 365 apps update history,0,36,0%,6.92
last excel update,0,36,0%,8.56
office 365 mso,0,36,0%,12.17
version 2508 build 16.0.19127.20314,0,35,0%,4.34
latest office 365 version number,0,35,0%,5.14
microsoft 365 apps for enterprise release notes,0,35,0%,5.49
office latest update,0,35,0%,8.46
office365 最新バージョン,0,35,0%,8.91
microsoft 365 app update,0,35,0%,30.23
16.0.19127.20222,0,34,0%,4.91
latest microsoft 365 version number,0,34,0%,5.38
latest version microsoft 365,0,34,0%,6.79
versions office 365,0,34,0%,8.85
last version office,0,34,0%,9.21
excel update history,0,34,0%,9.62
ms office 365 version history,0,33,0%,5.48
ms 365 version,0,33,0%,7.7
office monthly channel,0,33,0%,7.79
outlook versions history,0,33,0%,10
microsoft 365 apps for enterprise updates,0,33,0%,27.79
newest version of office 365,0,32,0%,5.03
16.0.19029.20184,0,32,0%,6.25
microsoft 365 apps for enterprise current version,0,32,0%,7.03
microsoft monthly enterprise channel,0,32,0%,8.66
office365 バージョン,0,32,0%,10.88
office365 updates,0,32,0%,10.97
o365 current version,0,31,0%,3.65
office 2024 build numbers,0,31,0%,7.52
excel version 2408 year,0,31,0%,8.13
microsoft 365 versiones,0,31,0%,9.45
microsoft office update history,0,31,0%,10.52
current ms office version,0,31,0%,13.97
what is the latest version of microsoft 365 apps for enterprise,0,30,0%,5.5
m365 release,0,30,0%,5.83
dernière version office 365,0,30,0%,8.9
what is the latest version of outlook 365,0,30,0%,9.03
microsoft 365 apps monthly enterprise channel,0,30,0%,10.17
ms office version latest,0,30,0%,15.3
excel versions,0,30,0%,57.17
outlook build version,0,29,0%,6.9
monthlyenterprise,0,29,0%,7.03
m365 2502,0,29,0%,7.9
mso latest version,0,29,0%,8.83
o365 update,0,29,0%,11.24
microsoft office editions,0,29,0%,43.66
version of excel,0,29,0%,53.45
office 365 update release notes,0,28,0%,4.71
microsoft 365 latest version number,0,28,0%,5.61
office 16.0.19231.20156,0,28,0%,5.64
19231.20246,0,28,0%,5.75
microsoft office 365 current version,0,28,0%,6.11
office 365 version 16,0,28,0%,7.25
office last version,0,28,0%,9.21
office 2024 version history,0,28,0%,9.68
what is the latest microsoft office,0,28,0%,22.25
16.0.18827.20164,0,27,0%,4.15
excel version 2507 year,0,27,0%,6.56
microsoft outlook version history,0,27,0%,10.3
versions of ms office,0,27,0%,37.52
did excel update,0,26,0%,9.54
onenote version 2507,0,26,0%,9.73
current version of excel,0,26,0%,30.54
latest 365 office version,0,25,0%,4.52
version de office 365,0,25,0%,6.72
"microsoft® excel® for microsoft 365 mso (version 2506 build 
16.0.18925.20216) 64-bit",0,25,0%,6.92
excel version 2508 year,0,25,0%,7.76
19127.20302,0,25,0%,7.88
office build number,0,25,0%,8.44
recent excel updates,0,25,0%,8.68
outlook version 2507,0,25,0%,8.72
latest office update,0,25,0%,9.64
the latest office version,0,25,0%,10.12
office 2024 build number,0,24,0%,6.04
16.0.18925.20138,0,24,0%,6.75
office 16.0.19127.20240,0,24,0%,7.21
office 2308,0,24,0%,7.5
office 2024 version number,0,24,0%,9.25
most recent office version,0,24,0%,12.12
version of office,0,24,0%,17
office 365 versioonid,0,24,0%,39.29
17928.20538,0,23,0%,4.91
latest ms office 365 version,0,23,0%,5.52
latest version microsoft 365 version number,0,23,0%,5.7
version 2509 office,0,23,0%,7.13
microsoft 365 changelog,0,23,0%,7.61
"microsoft® excel® for microsoft 365 mso (version 2508 build 
16.0.19127.20314) 64-bit",0,23,0%,8
microsoft 365 version 2508,0,23,0%,8.52
word version 2507,0,23,0%,8.52
ms365 updates,0,23,0%,8.87
microsoft 365 semi annual enterprise channel,0,23,0%,9
what is latest office version,0,23,0%,10.48
office 365 office version,0,23,0%,10.57
version 2509 build 16.0.19231.20138,0,23,0%,11.96
office versions list,0,23,0%,12.39
m365 (microsoft365) latest,0,23,0%,16.09
office 365 software updates,0,23,0%,35.96
semi annual,0,23,0%,45
office 19029.20244,0,22,0%,4.59
what is latest version of office 365,0,22,0%,5.77
latest version of ms office 365,0,22,0%,6.55
excel version 2505,0,22,0%,7.32
office 2408 version,0,22,0%,7.59
outlook version 2408,0,22,0%,8
microsoft 365 office version,0,22,0%,9.5
ms office version history,0,22,0%,11.95
office 16.0.18526.20634,0,21,0%,4.48
latest version of microsoft 365 version number,0,21,0%,5.24
16.0.18526.20416,0,21,0%,5.48
versions of microsoft office 365,0,21,0%,6.71
office 2506,0,21,0%,7.95
excel 2408 version,0,21,0%,8.1
latest version of excel 365,0,21,0%,9
ms office 365 release date,0,21,0%,10.95
what version is microsoft office 365,0,21,0%,11.05
what is the newest office version,0,21,0%,11.29
what is the current version of office,0,21,0%,11.67
what is latest version of ms office,0,21,0%,17.62
ops 365,0,21,0%,76.67
version 2502,0,20,0%,7.3
microsoft office 365 release notes,0,20,0%,7.65
when was m365 released,0,20,0%,9.3
build office,0,20,0%,14.75
latest ms office,0,20,0%,19.35
what is the newest version of microsoft office,0,20,0%,23.4
ms office versions list,0,20,0%,25.2
version microsoft office,0,20,0%,26.35
version of microsoft office,0,20,0%,36.45
office editions,0,20,0%,40.3
m365 current version,0,19,0%,3.68
office365 version history,0,19,0%,4
office 2509,0,19,0%,5.95
office 2507,0,19,0%,7.47
version 2408,0,19,0%,8
outlook version 2510,0,19,0%,9
onenote version 2508,0,19,0%,10.16
microsoft 365 which version,0,19,0%,10.74
latest microsoft office release version,0,19,0%,10.95
microsoft office current version number,0,19,0%,11.84
office 16.0.19127.20154,0,19,0%,11.84
what is the latest microsoft office version,0,19,0%,18.11
current microsoft office,0,19,0%,18.68
new version of ms office,0,19,0%,26.11
microsoft office versions history,0,19,0%,27.79
microsoft office 365 versionen,0,19,0%,28.16
16.0.17328.20856,0,18,0%,4.78
microsoft 365 build versions,0,18,0%,5.28
office 365 update channel release notes october 2025,0,18,0%,6.28
office version 2505,0,18,0%,6.44
o365 monthly enterprise channel,0,18,0%,6.89
powerpoint version 2507,0,18,0%,7.06
windows 365 versions,0,18,0%,8.06
version 2507 excel,0,18,0%,9.56
"microsoft 365 apps current channel version 2510 build 19328.20178 release 
notes",0,18,0%,10
ms 365 updates,0,18,0%,10
office update channel,0,18,0%,11.06
outlook release notes,0,18,0%,18.83
updates office 365,0,18,0%,20.33
microsoft 365 initial release date,0,18,0%,34.22
o365 version control,0,18,0%,57.78
office 16.0.19127.20222,0,17,0%,6.12
version 2508,0,17,0%,7.47
"microsoft® word for microsoft 365 mso (version 2507 build 16.0.19029.20136) 
64-bit",0,17,0%,8.18
"microsoft 365 apps current channel version 2509 build 19231.20216 release 
notes",0,17,0%,8.82
latest office updates,0,17,0%,8.88
version 2508 excel,0,17,0%,9.24
16.0.19127.20154,0,17,0%,9.65
office version latest,0,17,0%,10
microsoft office update history page,0,17,0%,10.18
office version 16,0,17,0%,12.24
what is latest version of office,0,17,0%,13.53
office 365 patch,0,17,0%,14.18
office 365 editions,0,17,0%,17.24
microsoft 365 apps update - semi-annual enterprise channel version 2002,0,17,0%,18.76
latest windows office version,0,17,0%,21.59
office 365 excel version,0,17,0%,23.47
microsoft office all versions,0,17,0%,32.06
microsoft dynamics 365 versions,0,17,0%,61.24
16.0.18526.20264,0,16,0%,3.19
latest version of office 365 version number,0,16,0%,4.62
365 release notes,0,16,0%,4.81
16.0.18827.20230,0,16,0%,5.38
office 365 version 2408,0,16,0%,5.56
office version 16.0.19127.20314,0,16,0%,7.62
"microsoft® excel® for microsoft 365 mso (version 2508 build 
16.0.19127.20192) 64-bit",0,16,0%,7.69
office 365 version number,0,16,0%,8.56
excel version 2506,0,16,0%,9.19
office version 2511,0,16,0%,9.94
excel latest version number,0,16,0%,10.06
current microsoft office version number,0,16,0%,10.75
what version is microsoft 365,0,16,0%,11.56
outlook 365 updates,0,16,0%,11.62
outlook version list,0,16,0%,11.81
what is the newest version of office,0,16,0%,12.12
what is the latest ms office version,0,16,0%,16.25
office history,0,16,0%,21.44
ms office version list,0,16,0%,29
ms office all versions,0,16,0%,38.81
office 365 version control,0,16,0%,51.5
latest office version release,0,15,0%,6.53
newoff365,0,15,0%,6.53
"microsoft 365 apps current channel version 2509 build 19231.20172 release 
notes",0,15,0%,6.67
office 365 2507,0,15,0%,7.2
version 365,0,15,0%,8.13
microsoft 365 apps for enterprise version,0,15,0%,9.07
outlook version 2509,0,15,0%,9.27
office 365 monthly channel,0,15,0%,9.4
word version 2509,0,15,0%,9.73
365 mso,0,15,0%,10.8
new office version,0,15,0%,14.07
365 update,0,15,0%,17.47
excel current version,0,15,0%,17.93
what is the current version of microsoft office,0,15,0%,20.2
which is the latest version of ms office,0,15,0%,23.27
microsoft office 365 update,0,15,0%,27.2
microsoft office versions list,0,15,0%,30.27
microsoft 365 apps update,0,15,0%,32.93
2024 microsoft 365 updates,0,15,0%,70.33
office version 16.0.18526.20604,0,14,0%,4.29
office 18925.20216,0,14,0%,4.86
did office 365 update recently,0,14,0%,6.86
microsoft 365 release,0,14,0%,8.21
is microsoft 365 latest version,0,14,0%,8.64
excel version 2504,0,14,0%,8.86
excel 365 updates,0,14,0%,11.29
ms office releases,0,14,0%,13.79
latest version ms office,0,14,0%,20.5
most recent microsoft office,0,14,0%,20.57
what is latest version of microsoft office,0,14,0%,21.71
office 14 version,0,14,0%,28.79
version ms,0,14,0%,50.71
microsoft 365 latest version 2025,0,13,0%,4.31
office version 16.0.18526.20546,0,13,0%,4.92
16.0.19231.20172,0,13,0%,5.69
version 2509 build 16.0.19231.20246,0,13,0%,6.15
office patch notes,0,13,0%,6.23
office 2505,0,13,0%,7.38
16.0.19029.20156,0,13,0%,7.77
version history,0,13,0%,7.85
office update channel release notes october 2025,0,13,0%,8.62
m365 2408,0,13,0%,9
office 365 outlook version,0,13,0%,9.85
office mso version,0,13,0%,10.15
word version 2506,0,13,0%,10.38
version history office 365,0,13,0%,13.69
what's the latest version of microsoft office,0,13,0%,16.38
what is the current microsoft office version,0,13,0%,16.54
office 365 2020,0,13,0%,17.62
most recent version of microsoft office,0,13,0%,17.85
office 365 launch date,0,13,0%,18.31
windows 10 semi annual channel,0,13,0%,21.38
microsoft office release dates,0,13,0%,21.62
microsoft releases,0,13,0%,27.08
most recent excel version,0,13,0%,30
microsoft versions of office,0,13,0%,32.15
microsoft excel version,0,13,0%,44
office 2016 versions,0,13,0%,77.85
current channel release notes,0,12,0%,5.58
16.0.17328.20882,0,12,0%,5.75
current channel office 365,0,12,0%,6.83
excel version 2509 release date,0,12,0%,7
17928.20392,0,12,0%,7.08
16.0.19127.20192,0,12,0%,7.58
m365 changelog,0,12,0%,7.67
"microsoft® word for microsoft 365 mso (version 2508 build 16.0.19127.20192) 
64-bit",0,12,0%,8
"microsoft 365 apps current channel version 2510 build 19328.20158 release 
notes",0,12,0%,9.42
microsoft update history page,0,12,0%,9.58
latest version of microsoft office release version,0,12,0%,10.5
office365 update,0,12,0%,11.67
version microsoft 365,0,12,0%,11.75
o365 update channels,0,12,0%,11.83
latest versions of ms office,0,12,0%,14.33
actualizaciones office 365,0,12,0%,15.08
windows office latest version,0,12,0%,20.08
what is the most recent version of microsoft office,0,12,0%,20.33
what version of word is in office 365,0,12,0%,23
office version numbers,0,12,0%,23.42
version of ms office,0,12,0%,45.83
current o365 version,0,11,0%,3.09
16.0.18730.20240,0,11,0%,4
18730.20226,0,11,0%,5.64
ms office build versions,0,11,0%,5.64
excel latest version release date,0,11,0%,6.82
excel 2502 version,0,11,0%,7.55
version 2508 (build 19127.20264),0,11,0%,7.55
16.0.17328.20206,0,11,0%,8.36
17928.20700,0,11,0%,8.64
when was the last excel update,0,11,0%,9
microsoft office build,0,11,0%,9.36
microsoft 365 current channel release notes september 2025,0,11,0%,9.64
outlook 365 update today,0,11,0%,10.27
19231.20216,0,11,0%,10.36
md 365 news 2002,0,11,0%,10.64
microsoft 365 update today,0,11,0%,11.27
windows 11 semi annual channel,0,11,0%,11.45
latest ms office versions,0,11,0%,12.73
microsoft office releases,0,11,0%,13.18
microsoft office release,0,11,0%,14.36
current ms office,0,11,0%,16
office 365 new,0,11,0%,19.09
microsoft office version latest,0,11,0%,21.73
newest microsoft office version,0,11,0%,22.36
which is the latest version of microsoft office,0,11,0%,23.45
new version of microsoft office,0,11,0%,25.91
latest version of excel,0,11,0%,34.64
newest version microsoft office,0,11,0%,37.27
office microsoft versions,0,11,0%,44.82
office proplus upgrade,0,11,0%,56.18
office 365 update versions,0,10,0%,4.1
16.0.18623.20208,0,10,0%,4.8
monthly enterprise channel office,0,10,0%,6.2
excel patch notes,0,10,0%,6.8
"microsoft® outlook® for microsoft 365 mso (version 2506 build 
16.0.18925.20216) 64-bit",0,10,0%,7
17328.20856,0,10,0%,7.3
office 2302,0,10,0%,7.5
office 365 mso version,0,10,0%,7.6
build office 365,0,10,0%,7.7
office 365 version 2506,0,10,0%,7.7
19127.20264,0,10,0%,8.1
"microsoft® outlook® for microsoft 365 mso (version 2502 build 
16.0.18526.20546) 64-bit",0,10,0%,9
office 365 2506,0,10,0%,9.4
are there different versions of microsoft 365,0,10,0%,10.6
what version is office 365,0,10,0%,11.2
versions office,0,10,0%,11.3
office 365 updates september 29 2025,0,10,0%,11.6
current version microsoft office,0,10,0%,14.6
microsoft office 365 release date,0,10,0%,16.1
versions of outlook supported by office 365,0,10,0%,29.4
what is latest version of excel,0,10,0%,38.6
microsoft word version,0,10,0%,61
windows server semi annual channel,0,10,0%,68.1
office 365 monthly enterprise channel release notes,0,9,0%,3.44
16.0.18730.20186,0,9,0%,4.78
what is the latest stable release version of 365?,0,9,0%,5
what's the latest office 365 version,0,9,0%,5.67
16.0.18025.20104,0,9,0%,5.78
17928.20588,0,9,0%,6.78
excel version 2506 year,0,9,0%,6.89
current version of excel 365,0,9,0%,8.56
version 2508 office,0,9,0%,8.78
excel version 2508 release date,0,9,0%,9
cual es la ultima version de office 365,0,9,0%,9.44
latest microsoft 365 updates,0,9,0%,9.67
"microsoft® outlook® for microsoft 365 mso (version 2508 build 
16.0.19127.20192) 64-bit",0,9,0%,10
microsoft office 365 update today,0,9,0%,10.56
latest microsoft office 365,0,9,0%,14.56
office 365 welche version,0,9,0%,16.44
office release date,0,9,0%,17.67
ms office recent version,0,9,0%,18.44
update history for office for mac,0,9,0%,19.44
latest versions of microsoft office,0,9,0%,19.67
what is the latest ms office,0,9,0%,21.78
microsoft office release history,0,9,0%,22
office 365 full version,0,9,0%,26.78
excel updates,0,9,0%,32
microsoft office new version,0,9,0%,33.56
all versions of ms office,0,9,0%,35.44
microsoft 365 apps for enterprise - ja-jp current channel,0,9,0%,36.56
new version microsoft office,0,9,0%,39.78
semi-annual,0,9,0%,46.89
0365office,0,9,0%,49.22
dynamics 365 versions,0,9,0%,52.78
microsoft.office.outlook.exe.15,0,9,0%,67.89
microsoft one version,0,9,0%,80.33
office 16.0.17928.20572,0,8,0%,3.12
m365 release history,0,8,0%,5
office current channel release notes,0,8,0%,5.12
"microsoft® outlook® for microsoft 365 mso (version 2508 build 
16.0.19127.20314) 64-bit",0,8,0%,6.25
aktuellste office version,0,8,0%,6.38
office 19127.20314,0,8,0%,7.12
16.0.18227.20162,0,8,0%,7.5
office 365 current channel release notes october 2025,0,8,0%,8.12
18925.20184,0,8,0%,8.38
version 2408 excel,0,8,0%,9
versiones microsoft 365,0,8,0%,9.25
excel microsoft 365 updates today,0,8,0%,9.5
office 365 eol,0,8,0%,9.5
microsoft office semi annual channel,0,8,0%,9.62
semi-annual enterprise channel feature releases july 2025,0,8,0%,9.75
office version 16.88,0,8,0%,10.25
office 365 version 16.88 download,0,8,0%,10.5
m365 apps list,0,8,0%,11.38
last version of office,0,8,0%,11.62
aktuelle office version,0,8,0%,13.38
most recent version of office,0,8,0%,13.62
microsoft 365 latest,0,8,0%,14.38
newest office,0,8,0%,15.12
ms office versions history,0,8,0%,15.62
office versions numbers,0,8,0%,17.88
365 office update,0,8,0%,24.25
latest version of windows office,0,8,0%,24.62
microsoft office release date,0,8,0%,26.75
new version of office,0,8,0%,28
list of microsoft office versions,0,8,0%,28.12
ms office list of versions,0,8,0%,28.62
what is the latest excel version,0,8,0%,29.88
update office 365,0,8,0%,33.75
what version of office 365 do i have,0,8,0%,36.25
how many versions of microsoft office are there,0,8,0%,40.5
version excel,0,8,0%,41.12
next version of office,0,8,0%,41.38
when did o365 come out,0,8,0%,42.12
office version 15,0,8,0%,42.25
different versions of microsoft office,0,8,0%,44.38
ms office editions,0,8,0%,45.12
microsoft office version 2002,0,8,0%,58.25
office 15 version,0,8,0%,64.25
office 2509 download,0,7,0%,3.86
office 16.0.19029.20136,0,7,0%,6.57
office updates channel release notes,0,7,0%,6.71
microsoft 365 apps version 2510 build 19328.20178 release notes,0,7,0%,7.43
office 16.0.19231.20172,0,7,0%,7.43
office 18526.20546,0,7,0%,7.43
excel version 2507 build 16.0.19029.20136,0,7,0%,7.57
excel version 2108 year,0,7,0%,8
m365 office updates,0,7,0%,8.57
microsoft office channel versions,0,7,0%,8.57
microsoft 365 latest updates,0,7,0%,8.71
microsoft 365 version 2510,0,7,0%,9.29
"microsoft® excel® para microsoft 365 mso (versión 2509 compilación 
16.0.19231.20138) de 64 bits",0,7,0%,9.57
office 16.0.19328.20158,0,7,0%,9.57
office 365 mac update history,0,7,0%,9.86
office latest build,0,7,0%,9.86
what is the current office version,0,7,0%,9.86
microsoft 365 updates today recency,0,7,0%,10
m365 mso,0,7,0%,10.14
m365 update channel,0,7,0%,10.71
microsoft office latest version release,0,7,0%,11.29
excel version 2402,0,7,0%,11.43
office 365 版本,0,7,0%,12
excel 16.0,0,7,0%,13.86
latest version of microsoft,0,7,0%,18.86
what version of excel is in office 365,0,7,0%,21.86
newest version of ms office,0,7,0%,23.29
outlook version numbers,0,7,0%,25
office versionen,0,7,0%,26.14
office 12 version,0,7,0%,26.71
when was office 365 released,0,7,0%,26.86
what's the latest microsoft office,0,7,0%,27
office 365 edition,0,7,0%,27.57
microsoft 365 launch date,0,7,0%,27.71
microsoft excel updates,0,7,0%,29.86
what version of outlook is in office 365,0,7,0%,30.43
what is the current version of excel,0,7,0%,30.71
microsoft office list of versions,0,7,0%,31.57
aktuelle excel version,0,7,0%,32.86
microsoft 365 versionen,0,7,0%,35.14
d365 f&o version release dates,0,7,0%,38
when did office 365 come out,0,7,0%,41.43
what are the versions of microsoft office,0,7,0%,48.14
microsoft office beta,0,7,0%,59.86
microsoft office years,0,7,0%,60.57
what version of office do i have,0,7,0%,61.43
latest version office 365 version number,0,6,0%,4.5
16.0.17328.20820,0,6,0%,5.17
office 365 16.0.18925.20216,0,6,0%,5.5
17928.20572,0,6,0%,6.5
office 18827.20202,0,6,0%,6.83
19029.20274,0,6,0%,7.17
different versions of office 365,0,6,0%,7.17
version 2509,0,6,0%,7.17
o365 channels,0,6,0%,7.33
version 2509 excel,0,6,0%,7.5
latest excel version release date,0,6,0%,8
microsoft 365 update version,0,6,0%,9
office 16.102,0,6,0%,9.17
microsoft 365 apps version,0,6,0%,9.33
office365 2502,0,6,0%,9.33
o365 release date,0,6,0%,9.5
office 16.0.19231,0,6,0%,9.67
16.0.12527.22286,0,6,0%,9.83
16.0.18827.20140,0,6,0%,9.83
current latest office version,0,6,0%,10.17
microsoft word release notes,0,6,0%,10.17
excel version 16.0,0,6,0%,10.5
current version ms office,0,6,0%,10.67
current version microsoft office version number,0,6,0%,10.83
office newest version,0,6,0%,11.17
excel version 2501,0,6,0%,12.5
excel 365 update,0,6,0%,12.83
last version of microsoft office,0,6,0%,14.33
office 365 word version,0,6,0%,14.67
the latest version of microsoft office,0,6,0%,16.33
what is latest microsoft office version,0,6,0%,16.83
microsoft office 16.0,0,6,0%,18.17
microsoft office last version,0,6,0%,19.67
microsoft 365 history,0,6,0%,21.5
what is the most current version of microsoft office,0,6,0%,21.67
what is latest ms office version,0,6,0%,22.67
what is the most recent microsoft office,0,6,0%,23.83
version excel office 365,0,6,0%,25
ms office new version,0,6,0%,26.5
microsoft office newest version,0,6,0%,27.83
versioning office 365,0,6,0%,28.83
what is microsoft office latest version,0,6,0%,30.33
all versions of microsoft office,0,6,0%,31.33
microsoft office latest update,0,6,0%,31.33
ms office all version,0,6,0%,33.17
microsoft office suite versions,0,6,0%,33.5
microsoft excel current version,0,6,0%,35.67
microsoft office all version,0,6,0%,36.17
what is the newest microsoft office,0,6,0%,38
aktuellste excel version,0,6,0%,38.83
most current version of microsoft office,0,6,0%,42.83
latest edition of microsoft office,0,6,0%,46.17
when did microsoft 365 come out,0,6,0%,47
microsoft office latest updates and features,0,6,0%,48.33
microsoft office home release date,0,6,0%,54.5
microsoft outlook current version,0,6,0%,66.33
what version of microsoft office do i have,0,6,0%,69.5
16.0.18227.20222,0,5,0%,2.6
current m365 version,0,5,0%,3.4
m365 semi annual channel version,0,5,0%,4
16.0.17328.20794,0,5,0%,5.4
office 365 version 2505,0,5,0%,6.4
excel version 2503,0,5,0%,6.6
office 365 new update,0,5,0%,7.2
16.0.18827.20202 office,0,5,0%,7.4
what version is office 16.0,0,5,0%,7.4
excel release history,0,5,0%,7.6
office 365 update schedule,0,5,0%,7.6
excel 2408,0,5,0%,8
office update channel release notes november 2025,0,5,0%,8.2
microsoft 365 apps,0,5,0%,8.4
office 2510,0,5,0%,8.8
office 16.0.19029.20184,0,5,0%,9
microsoft office build numbers,0,5,0%,9.2
"microsoft 365 apps current channel version 2510 build 19328.20190 release 
notes",0,5,0%,9.4
excel 365 updates today,0,5,0%,9.8
microsoft excel for microsoft 365 mso version,0,5,0%,9.8
ms office 365 updates,0,5,0%,10.2
microsoft 365 is which version,0,5,0%,10.6
office 365 update channel,0,5,0%,10.6
enterprise channel,0,5,0%,11.2
microsoft semi annual channel,0,5,0%,11.4
versiones office,0,5,0%,11.6
what is the most recent office version,0,5,0%,11.8
what is the latest version of microsoft office?,0,5,0%,12